[{"price":"0.01400300","amount":"0.14500000","isBuyerMaker":true,"datetime":"12:24:09","time":1629548649124,"clsName":"class=\"text_green_1\""},{"price":"0.01400500","amount":"0.01100000","isBuyerMaker":false,"datetime":"12:23:55","time":1629548635997,"clsName":"class=\"text_red_1\""},{"price":"0.01400400","amount":"0.40600000","isBuyerMaker":false,"datetime":"12:23:18","time":1629548598765,"clsName":"class=\"text_red_1\""},{"price":"0.01400200","amount":"0.09300000","isBuyerMaker":true,"datetime":"12:23:18","time":1629548598253,"clsName":"class=\"text_green_1\""},{"price":"0.01400700","amount":"0.09300000","isBuyerMaker":true,"datetime":"12:23:18","time":1629548598230,"clsName":"class=\"text_green_1\""},{"price":"0.01400900","amount":"0.01000000","isBuyerMaker":false,"datetime":"12:22:28","time":1629548548987,"clsName":"class=\"text_red_1\""},{"price":"0.01400600","amount":"0.43800000","isBuyerMaker":true,"datetime":"12:22:25","time":1629548545891,"clsName":"class=\"text_green_1\""},{"price":"0.01400500","amount":"0.13200000","isBuyerMaker":true,"datetime":"12:22:17","time":1629548537366,"clsName":"class=\"text_green_1\""},{"price":"0.01400500","amount":"0.71800000","isBuyerMaker":true,"datetime":"12:22:17","time":1629548537366,"clsName":"class=\"text_green_1\""},{"price":"0.01400600","amount":"0.23200000","isBuyerMaker":true,"datetime":"12:22:17","time":1629548537366,"clsName":"class=\"text_green_1\""},{"price":"0.01400700","amount":"0.14700000","isBuyerMaker":true,"datetime":"12:21:50","time":1629548510527,"clsName":"class=\"text_green_1\""},{"price":"0.01400800","amount":"0.24700000","isBuyerMaker":true,"datetime":"12:21:50","time":1629548510527,"clsName":"class=\"text_green_1\""},{"price":"0.01400800","amount":"0.28400000","isBuyerMaker":true,"datetime":"12:21:50","time":1629548510527,"clsName":"class=\"text_green_1\""},{"price":"0.01400700","amount":"0.52300000","isBuyerMaker":true,"datetime":"12:21:49","time":1629548509524,"clsName":"class=\"text_green_1\""},{"price":"0.01400700","amount":"0.15500000","isBuyerMaker":true,"datetime":"12:21:49","time":1629548509524,"clsName":"class=\"text_green_1\""},{"price":"0.01400700","amount":"0.08000000","isBuyerMaker":true,"datetime":"12:21:47","time":1629548507526,"clsName":"class=\"text_green_1\""},{"price":"0.01400800","amount":"0.24200000","isBuyerMaker":true,"datetime":"12:21:47","time":1629548507526,"clsName":"class=\"text_green_1\""},{"price":"0.01400800","amount":"0.35700000","isBuyerMaker":true,"datetime":"12:21:47","time":1629548507526,"clsName":"class=\"text_green_1\""},{"price":"0.01401200","amount":"0.24100000","isBuyerMaker":false,"datetime":"12:21:16","time":1629548476309,"clsName":"class=\"text_red_1\""},{"price":"0.01401400","amount":"0.50000000","isBuyerMaker":false,"datetime":"12:21:09","time":1629548469092,"clsName":"class=\"text_red_1\""}]