[{"price":"50134.023199999996","amount":"0.01613000","isBuyerMaker":false,"datetime":"12:24:16","time":1629548656756,"clsName":"class=\"text_red_1\""},{"price":"50134.023199999996","amount":"0.02936000","isBuyerMaker":false,"datetime":"12:24:16","time":1629548656745,"clsName":"class=\"text_red_1\""},{"price":"50134.023199999996","amount":"0.02988000","isBuyerMaker":false,"datetime":"12:24:14","time":1629548654700,"clsName":"class=\"text_red_1\""},{"price":"50135.493599999994","amount":"1.63139000","isBuyerMaker":false,"datetime":"12:23:55","time":1629548635976,"clsName":"class=\"text_red_1\""},{"price":"50134.023199999996","amount":"2.00000000","isBuyerMaker":false,"datetime":"12:23:55","time":1629548635976,"clsName":"class=\"text_red_1\""},{"price":"50131.0824","amount":"1.00000000","isBuyerMaker":false,"datetime":"12:23:55","time":1629548635976,"clsName":"class=\"text_red_1\""},{"price":"50130.3472","amount":"0.41861000","isBuyerMaker":false,"datetime":"12:23:55","time":1629548635976,"clsName":"class=\"text_red_1\""},{"price":"50111.9672","amount":"0.43089000","isBuyerMaker":true,"datetime":"12:23:49","time":1629548629809,"clsName":"class=\"text_green_1\""},{"price":"50117.1136","amount":"0.03111000","isBuyerMaker":true,"datetime":"12:23:49","time":1629548629809,"clsName":"class=\"text_green_1\""},{"price":"50117.8488","amount":"0.05112000","isBuyerMaker":false,"datetime":"12:23:46","time":1629548626828,"clsName":"class=\"text_red_1\""},{"price":"50109.7616","amount":"0.79777000","isBuyerMaker":false,"datetime":"12:23:43","time":1629548623591,"clsName":"class=\"text_red_1\""},{"price":"50105.350399999996","amount":"0.01581000","isBuyerMaker":false,"datetime":"12:23:42","time":1629548622473,"clsName":"class=\"text_red_1\""},{"price":"50109.7616","amount":"1.00000000","isBuyerMaker":false,"datetime":"12:23:42","time":1629548622059,"clsName":"class=\"text_red_1\""},{"price":"50107.556","amount":"0.46985000","isBuyerMaker":false,"datetime":"12:23:42","time":1629548622059,"clsName":"class=\"text_red_1\""},{"price":"50105.350399999996","amount":"0.38644000","isBuyerMaker":false,"datetime":"12:23:42","time":1629548622059,"clsName":"class=\"text_red_1\""},{"price":"50104.6152","amount":"0.01656000","isBuyerMaker":false,"datetime":"12:23:42","time":1629548622059,"clsName":"class=\"text_red_1\""},{"price":"50109.0264","amount":"0.17606000","isBuyerMaker":true,"datetime":"12:23:41","time":1629548621690,"clsName":"class=\"text_green_1\""},{"price":"50116.378399999994","amount":"0.17215000","isBuyerMaker":true,"datetime":"12:23:38","time":1629548618573,"clsName":"class=\"text_green_1\""},{"price":"50117.1136","amount":"0.03570000","isBuyerMaker":false,"datetime":"12:23:33","time":1629548613711,"clsName":"class=\"text_red_1\""},{"price":"50117.1136","amount":"0.03134000","isBuyerMaker":false,"datetime":"12:23:32","time":1629548612744,"clsName":"class=\"text_red_1\""}]