[{"price":"3579454.2712","amount":"0.00042800","isBuyerMaker":true,"datetime":"12:24:18","time":1629548658059,"clsName":"class=\"text_green_1\""},{"price":"3579455.0064","amount":"0.02738000","isBuyerMaker":false,"datetime":"12:24:17","time":1629548657881,"clsName":"class=\"text_red_1\""},{"price":"3579455.0064","amount":"0.18886600","isBuyerMaker":false,"datetime":"12:24:17","time":1629548657787,"clsName":"class=\"text_red_1\""},{"price":"3579455.0064","amount":"0.00641100","isBuyerMaker":false,"datetime":"12:24:17","time":1629548657787,"clsName":"class=\"text_red_1\""},{"price":"3579455.0064","amount":"0.02347600","isBuyerMaker":false,"datetime":"12:24:17","time":1629548657787,"clsName":"class=\"text_red_1\""},{"price":"3579454.2712","amount":"0.01527400","isBuyerMaker":true,"datetime":"12:24:17","time":1629548657685,"clsName":"class=\"text_green_1\""},{"price":"3579454.2712","amount":"0.00034900","isBuyerMaker":true,"datetime":"12:24:17","time":1629548657514,"clsName":"class=\"text_green_1\""},{"price":"3579454.2712","amount":"0.00977000","isBuyerMaker":true,"datetime":"12:24:17","time":1629548657366,"clsName":"class=\"text_green_1\""},{"price":"3579454.2712","amount":"0.01078300","isBuyerMaker":true,"datetime":"12:24:17","time":1629548657366,"clsName":"class=\"text_green_1\""},{"price":"3579455.0064","amount":"0.00152400","isBuyerMaker":false,"datetime":"12:24:17","time":1629548657284,"clsName":"class=\"text_red_1\""},{"price":"3579454.2712","amount":"0.01523400","isBuyerMaker":true,"datetime":"12:24:16","time":1629548656488,"clsName":"class=\"text_green_1\""},{"price":"3579455.0064","amount":"0.00053400","isBuyerMaker":false,"datetime":"12:24:16","time":1629548656309,"clsName":"class=\"text_red_1\""},{"price":"3579454.2712","amount":"0.01950100","isBuyerMaker":true,"datetime":"12:24:16","time":1629548656279,"clsName":"class=\"text_green_1\""},{"price":"3579455.0064","amount":"0.02875400","isBuyerMaker":false,"datetime":"12:24:16","time":1629548656144,"clsName":"class=\"text_red_1\""},{"price":"3579454.2712","amount":"0.00160000","isBuyerMaker":true,"datetime":"12:24:16","time":1629548656142,"clsName":"class=\"text_green_1\""},{"price":"3579455.0064","amount":"0.00124200","isBuyerMaker":false,"datetime":"12:24:16","time":1629548656082,"clsName":"class=\"text_red_1\""},{"price":"3579454.2712","amount":"0.00476200","isBuyerMaker":true,"datetime":"12:24:15","time":1629548655965,"clsName":"class=\"text_green_1\""},{"price":"3579455.0064","amount":"0.02738000","isBuyerMaker":false,"datetime":"12:24:15","time":1629548655878,"clsName":"class=\"text_red_1\""},{"price":"3579455.0064","amount":"0.03442500","isBuyerMaker":false,"datetime":"12:24:15","time":1629548655547,"clsName":"class=\"text_red_1\""},{"price":"3579454.2712","amount":"0.00041800","isBuyerMaker":true,"datetime":"12:24:15","time":1629548655459,"clsName":"class=\"text_green_1\""}]