[{"price":"241.17000000","amount":"1.39017000","isBuyerMaker":false,"datetime":"12:24:18","time":1629548658052,"clsName":"class=\"text_red_1\""},{"price":"241.15000000","amount":"0.19462000","isBuyerMaker":false,"datetime":"12:24:18","time":1629548658052,"clsName":"class=\"text_red_1\""},{"price":"241.14000000","amount":"1.86644000","isBuyerMaker":false,"datetime":"12:24:18","time":1629548658052,"clsName":"class=\"text_red_1\""},{"price":"241.14000000","amount":"11.50977000","isBuyerMaker":false,"datetime":"12:24:18","time":1629548658052,"clsName":"class=\"text_red_1\""},{"price":"241.14000000","amount":"1.40000000","isBuyerMaker":false,"datetime":"12:24:18","time":1629548658052,"clsName":"class=\"text_red_1\""},{"price":"241.00000000","amount":"0.40000000","isBuyerMaker":true,"datetime":"12:24:18","time":1629548658022,"clsName":"class=\"text_green_1\""},{"price":"241.00000000","amount":"0.43300000","isBuyerMaker":true,"datetime":"12:24:18","time":1629548658011,"clsName":"class=\"text_green_1\""},{"price":"241.00000000","amount":"3.09152000","isBuyerMaker":true,"datetime":"12:24:18","time":1629548658010,"clsName":"class=\"text_green_1\""},{"price":"241.01000000","amount":"0.77548000","isBuyerMaker":true,"datetime":"12:24:18","time":1629548658010,"clsName":"class=\"text_green_1\""},{"price":"241.00000000","amount":"1.00000000","isBuyerMaker":true,"datetime":"12:24:17","time":1629548657519,"clsName":"class=\"text_green_1\""},{"price":"241.19000000","amount":"0.04975000","isBuyerMaker":false,"datetime":"12:24:17","time":1629548657443,"clsName":"class=\"text_red_1\""},{"price":"241.19000000","amount":"0.04270000","isBuyerMaker":false,"datetime":"12:24:17","time":1629548657434,"clsName":"class=\"text_red_1\""},{"price":"241.19000000","amount":"0.04270000","isBuyerMaker":false,"datetime":"12:24:17","time":1629548657418,"clsName":"class=\"text_red_1\""},{"price":"241.00000000","amount":"1.15924000","isBuyerMaker":true,"datetime":"12:24:17","time":1629548657311,"clsName":"class=\"text_green_1\""},{"price":"241.00000000","amount":"0.84076000","isBuyerMaker":true,"datetime":"12:24:17","time":1629548657311,"clsName":"class=\"text_green_1\""},{"price":"241.17000000","amount":"0.04270000","isBuyerMaker":false,"datetime":"12:24:17","time":1629548657277,"clsName":"class=\"text_red_1\""},{"price":"241.17000000","amount":"0.08292000","isBuyerMaker":false,"datetime":"12:24:17","time":1629548657272,"clsName":"class=\"text_red_1\""},{"price":"241.20000000","amount":"0.04270000","isBuyerMaker":false,"datetime":"12:24:17","time":1629548657270,"clsName":"class=\"text_red_1\""},{"price":"241.20000000","amount":"0.10364000","isBuyerMaker":false,"datetime":"12:24:17","time":1629548657270,"clsName":"class=\"text_red_1\""},{"price":"241.20000000","amount":"0.24875000","isBuyerMaker":false,"datetime":"12:24:17","time":1629548657269,"clsName":"class=\"text_red_1\""}]