[{"price":"0.00495600","amount":"0.23500000","isBuyerMaker":false,"datetime":"12:24:18","time":1629548658051,"clsName":"class=\"text_red_1\""},{"price":"0.00495600","amount":"0.35600000","isBuyerMaker":false,"datetime":"12:24:17","time":1629548657650,"clsName":"class=\"text_red_1\""},{"price":"0.00495800","amount":"0.50100000","isBuyerMaker":false,"datetime":"12:24:15","time":1629548655767,"clsName":"class=\"text_red_1\""},{"price":"0.00495800","amount":"1.60000000","isBuyerMaker":false,"datetime":"12:24:15","time":1629548655767,"clsName":"class=\"text_red_1\""},{"price":"0.00495600","amount":"0.88800000","isBuyerMaker":false,"datetime":"12:24:15","time":1629548655585,"clsName":"class=\"text_red_1\""},{"price":"0.00495600","amount":"1.00300000","isBuyerMaker":false,"datetime":"12:24:15","time":1629548655585,"clsName":"class=\"text_red_1\""},{"price":"0.00495600","amount":"0.15200000","isBuyerMaker":false,"datetime":"12:24:15","time":1629548655585,"clsName":"class=\"text_red_1\""},{"price":"0.00495600","amount":"1.44800000","isBuyerMaker":false,"datetime":"12:24:15","time":1629548655527,"clsName":"class=\"text_red_1\""},{"price":"0.00495300","amount":"0.02500000","isBuyerMaker":true,"datetime":"12:24:15","time":1629548655120,"clsName":"class=\"text_green_1\""},{"price":"0.00495300","amount":"0.84100000","isBuyerMaker":true,"datetime":"12:24:15","time":1629548655120,"clsName":"class=\"text_green_1\""},{"price":"0.00495400","amount":"0.01800000","isBuyerMaker":true,"datetime":"12:24:15","time":1629548655100,"clsName":"class=\"text_green_1\""},{"price":"0.00495400","amount":"0.02100000","isBuyerMaker":true,"datetime":"12:24:15","time":1629548655100,"clsName":"class=\"text_green_1\""},{"price":"0.00495400","amount":"0.02100000","isBuyerMaker":true,"datetime":"12:24:15","time":1629548655100,"clsName":"class=\"text_green_1\""},{"price":"0.00495400","amount":"0.02100000","isBuyerMaker":true,"datetime":"12:24:15","time":1629548655100,"clsName":"class=\"text_green_1\""},{"price":"0.00495400","amount":"0.02100000","isBuyerMaker":true,"datetime":"12:24:15","time":1629548655100,"clsName":"class=\"text_green_1\""},{"price":"0.00495400","amount":"0.02100000","isBuyerMaker":true,"datetime":"12:24:15","time":1629548655100,"clsName":"class=\"text_green_1\""},{"price":"0.00495400","amount":"0.02100000","isBuyerMaker":true,"datetime":"12:24:15","time":1629548655100,"clsName":"class=\"text_green_1\""},{"price":"0.00495400","amount":"7.37500000","isBuyerMaker":true,"datetime":"12:24:15","time":1629548655081,"clsName":"class=\"text_green_1\""},{"price":"0.00495400","amount":"0.88700000","isBuyerMaker":true,"datetime":"12:24:14","time":1629548654941,"clsName":"class=\"text_green_1\""},{"price":"0.00495400","amount":"6.35800000","isBuyerMaker":true,"datetime":"12:24:14","time":1629548654862,"clsName":"class=\"text_green_1\""}]