[{"price":"0.07392000","amount":"0.14100000","isBuyerMaker":true,"datetime":"12:24:15","time":1629548655455,"clsName":"class=\"text_green_1\""},{"price":"0.07392000","amount":"0.13500000","isBuyerMaker":true,"datetime":"12:24:15","time":1629548655455,"clsName":"class=\"text_green_1\""},{"price":"0.07392000","amount":"0.07400000","isBuyerMaker":true,"datetime":"12:24:15","time":1629548655455,"clsName":"class=\"text_green_1\""},{"price":"0.07399000","amount":"0.40800000","isBuyerMaker":true,"datetime":"12:24:14","time":1629548654372,"clsName":"class=\"text_green_1\""},{"price":"0.07403000","amount":"0.14000000","isBuyerMaker":true,"datetime":"12:24:14","time":1629548654241,"clsName":"class=\"text_green_1\""},{"price":"0.07407000","amount":"0.13500000","isBuyerMaker":true,"datetime":"12:24:14","time":1629548654071,"clsName":"class=\"text_green_1\""},{"price":"0.07414000","amount":"0.07900000","isBuyerMaker":true,"datetime":"12:24:13","time":1629548653599,"clsName":"class=\"text_green_1\""},{"price":"0.07414000","amount":"0.14000000","isBuyerMaker":true,"datetime":"12:24:13","time":1629548653599,"clsName":"class=\"text_green_1\""},{"price":"0.07420000","amount":"0.18700000","isBuyerMaker":true,"datetime":"12:24:12","time":1629548652554,"clsName":"class=\"text_green_1\""},{"price":"0.07422000","amount":"0.13400000","isBuyerMaker":true,"datetime":"12:24:05","time":1629548645412,"clsName":"class=\"text_green_1\""},{"price":"0.07425000","amount":"0.14000000","isBuyerMaker":true,"datetime":"12:24:05","time":1629548645373,"clsName":"class=\"text_green_1\""},{"price":"0.07426000","amount":"0.09300000","isBuyerMaker":true,"datetime":"12:24:05","time":1629548645351,"clsName":"class=\"text_green_1\""},{"price":"0.07437000","amount":"2.49900000","isBuyerMaker":true,"datetime":"12:24:00","time":1629548640604,"clsName":"class=\"text_green_1\""},{"price":"0.07437000","amount":"1.56000000","isBuyerMaker":true,"datetime":"12:24:00","time":1629548640602,"clsName":"class=\"text_green_1\""},{"price":"0.07439000","amount":"40.05400000","isBuyerMaker":true,"datetime":"12:24:00","time":1629548640514,"clsName":"class=\"text_green_1\""},{"price":"0.07440000","amount":"3.17200000","isBuyerMaker":true,"datetime":"12:24:00","time":1629548640496,"clsName":"class=\"text_green_1\""},{"price":"0.07440000","amount":"3.17200000","isBuyerMaker":true,"datetime":"12:24:00","time":1629548640483,"clsName":"class=\"text_green_1\""},{"price":"0.07440000","amount":"6.33800000","isBuyerMaker":true,"datetime":"12:24:00","time":1629548640483,"clsName":"class=\"text_green_1\""},{"price":"0.07427000","amount":"1.76300000","isBuyerMaker":true,"datetime":"12:23:42","time":1629548622530,"clsName":"class=\"text_green_1\""},{"price":"0.07428000","amount":"3.45400000","isBuyerMaker":true,"datetime":"12:23:42","time":1629548622530,"clsName":"class=\"text_green_1\""}]