[{"price":"239870.028","amount":"0.03277000","isBuyerMaker":true,"datetime":"12:24:17","time":1629548657504,"clsName":"class=\"text_green_1\""},{"price":"239870.7632","amount":"0.01046000","isBuyerMaker":false,"datetime":"12:24:17","time":1629548657232,"clsName":"class=\"text_red_1\""},{"price":"239870.7632","amount":"3.60552000","isBuyerMaker":false,"datetime":"12:24:16","time":1629548656561,"clsName":"class=\"text_red_1\""},{"price":"239870.7632","amount":"0.82708000","isBuyerMaker":false,"datetime":"12:24:16","time":1629548656561,"clsName":"class=\"text_red_1\""},{"price":"239870.7632","amount":"0.54634000","isBuyerMaker":false,"datetime":"12:24:16","time":1629548656561,"clsName":"class=\"text_red_1\""},{"price":"239870.7632","amount":"0.15325000","isBuyerMaker":false,"datetime":"12:24:16","time":1629548656425,"clsName":"class=\"text_red_1\""},{"price":"239870.7632","amount":"0.11638000","isBuyerMaker":false,"datetime":"12:24:16","time":1629548656317,"clsName":"class=\"text_red_1\""},{"price":"239870.7632","amount":"0.00307000","isBuyerMaker":false,"datetime":"12:24:15","time":1629548655872,"clsName":"class=\"text_red_1\""},{"price":"239870.028","amount":"0.02563000","isBuyerMaker":true,"datetime":"12:24:15","time":1629548655525,"clsName":"class=\"text_green_1\""},{"price":"239870.028","amount":"0.02054000","isBuyerMaker":true,"datetime":"12:24:15","time":1629548655525,"clsName":"class=\"text_green_1\""},{"price":"239870.028","amount":"0.02586000","isBuyerMaker":true,"datetime":"12:24:15","time":1629548655456,"clsName":"class=\"text_green_1\""},{"price":"239870.7632","amount":"0.00803000","isBuyerMaker":false,"datetime":"12:24:15","time":1629548655013,"clsName":"class=\"text_red_1\""},{"price":"239870.028","amount":"0.02337000","isBuyerMaker":true,"datetime":"12:24:14","time":1629548654378,"clsName":"class=\"text_green_1\""},{"price":"239872.9688","amount":"0.02434000","isBuyerMaker":true,"datetime":"12:24:14","time":1629548654178,"clsName":"class=\"text_green_1\""},{"price":"239872.9688","amount":"0.03072000","isBuyerMaker":true,"datetime":"12:24:13","time":1629548653672,"clsName":"class=\"text_green_1\""},{"price":"239873.70399999997","amount":"0.00916000","isBuyerMaker":false,"datetime":"12:24:13","time":1629548653630,"clsName":"class=\"text_red_1\""},{"price":"239872.9688","amount":"0.02794000","isBuyerMaker":true,"datetime":"12:24:13","time":1629548653626,"clsName":"class=\"text_green_1\""},{"price":"239872.9688","amount":"0.01623000","isBuyerMaker":true,"datetime":"12:24:13","time":1629548653599,"clsName":"class=\"text_green_1\""},{"price":"239873.70399999997","amount":"0.01386000","isBuyerMaker":true,"datetime":"12:24:12","time":1629548652556,"clsName":"class=\"text_green_1\""},{"price":"239883.26159999997","amount":"0.18837000","isBuyerMaker":true,"datetime":"12:24:12","time":1629548652108,"clsName":"class=\"text_green_1\""}]