[{"price":"0.06701400","amount":"0.01600000","isBuyerMaker":false,"datetime":"12:24:16","time":1629548656533,"clsName":"class=\"text_red_1\""},{"price":"0.06701300","amount":"0.02100000","isBuyerMaker":true,"datetime":"12:24:13","time":1629548653346,"clsName":"class=\"text_green_1\""},{"price":"0.06701400","amount":"0.08400000","isBuyerMaker":false,"datetime":"12:24:04","time":1629548644930,"clsName":"class=\"text_red_1\""},{"price":"0.06701200","amount":"0.02200000","isBuyerMaker":false,"datetime":"12:24:03","time":1629548643079,"clsName":"class=\"text_red_1\""},{"price":"0.06701400","amount":"0.44300000","isBuyerMaker":true,"datetime":"12:24:02","time":1629548642176,"clsName":"class=\"text_green_1\""},{"price":"0.06701400","amount":"0.12800000","isBuyerMaker":true,"datetime":"12:24:01","time":1629548641377,"clsName":"class=\"text_green_1\""},{"price":"0.06701200","amount":"2.42500000","isBuyerMaker":false,"datetime":"12:23:59","time":1629548639943,"clsName":"class=\"text_red_1\""},{"price":"0.06701300","amount":"0.03800000","isBuyerMaker":false,"datetime":"12:23:57","time":1629548637840,"clsName":"class=\"text_red_1\""},{"price":"0.06701300","amount":"0.30900000","isBuyerMaker":false,"datetime":"12:23:57","time":1629548637641,"clsName":"class=\"text_red_1\""},{"price":"0.06701300","amount":"0.07600000","isBuyerMaker":false,"datetime":"12:23:56","time":1629548636790,"clsName":"class=\"text_red_1\""},{"price":"0.06701300","amount":"0.04000000","isBuyerMaker":false,"datetime":"12:23:56","time":1629548636490,"clsName":"class=\"text_red_1\""},{"price":"0.06701300","amount":"0.02100000","isBuyerMaker":false,"datetime":"12:23:55","time":1629548635747,"clsName":"class=\"text_red_1\""},{"price":"0.06701300","amount":"0.03000000","isBuyerMaker":false,"datetime":"12:23:55","time":1629548635399,"clsName":"class=\"text_red_1\""},{"price":"0.06701200","amount":"0.17100000","isBuyerMaker":false,"datetime":"12:23:55","time":1629548635343,"clsName":"class=\"text_red_1\""},{"price":"0.06701200","amount":"0.16800000","isBuyerMaker":false,"datetime":"12:23:54","time":1629548634742,"clsName":"class=\"text_red_1\""},{"price":"0.06701100","amount":"0.06600000","isBuyerMaker":true,"datetime":"12:23:54","time":1629548634160,"clsName":"class=\"text_green_1\""},{"price":"0.06701200","amount":"0.01700000","isBuyerMaker":false,"datetime":"12:23:52","time":1629548632197,"clsName":"class=\"text_red_1\""},{"price":"0.06701300","amount":"0.02500000","isBuyerMaker":true,"datetime":"12:23:51","time":1629548631103,"clsName":"class=\"text_green_1\""},{"price":"0.06701300","amount":"0.14100000","isBuyerMaker":true,"datetime":"12:23:49","time":1629548629909,"clsName":"class=\"text_green_1\""},{"price":"0.06701200","amount":"0.16700000","isBuyerMaker":false,"datetime":"12:23:46","time":1629548626323,"clsName":"class=\"text_red_1\""}]