[{"price":"0.05539000","amount":"0.11200000","isBuyerMaker":true,"datetime":"12:24:04","time":1629548644384,"clsName":"class=\"text_green_1\""},{"price":"0.05539000","amount":"1.15300000","isBuyerMaker":true,"datetime":"12:23:39","time":1629548619551,"clsName":"class=\"text_green_1\""},{"price":"0.05539000","amount":"0.30100000","isBuyerMaker":true,"datetime":"12:23:38","time":1629548618551,"clsName":"class=\"text_green_1\""},{"price":"0.05540000","amount":"0.85200000","isBuyerMaker":true,"datetime":"12:23:38","time":1629548618551,"clsName":"class=\"text_green_1\""},{"price":"0.05542000","amount":"1.15200000","isBuyerMaker":true,"datetime":"12:23:36","time":1629548616549,"clsName":"class=\"text_green_1\""},{"price":"0.05544000","amount":"0.77200000","isBuyerMaker":true,"datetime":"12:23:16","time":1629548596586,"clsName":"class=\"text_green_1\""},{"price":"0.05546000","amount":"0.37200000","isBuyerMaker":false,"datetime":"12:22:45","time":1629548565397,"clsName":"class=\"text_red_1\""},{"price":"0.05546000","amount":"1.21900000","isBuyerMaker":false,"datetime":"12:22:45","time":1629548565397,"clsName":"class=\"text_red_1\""},{"price":"0.05546000","amount":"1.22600000","isBuyerMaker":false,"datetime":"12:22:45","time":1629548565397,"clsName":"class=\"text_red_1\""},{"price":"0.05541000","amount":"0.14100000","isBuyerMaker":true,"datetime":"12:22:44","time":1629548564174,"clsName":"class=\"text_green_1\""},{"price":"0.05545000","amount":"0.37200000","isBuyerMaker":false,"datetime":"12:22:41","time":1629548561095,"clsName":"class=\"text_red_1\""},{"price":"0.05545000","amount":"0.10800000","isBuyerMaker":false,"datetime":"12:22:41","time":1629548561095,"clsName":"class=\"text_red_1\""},{"price":"0.05544000","amount":"0.74400000","isBuyerMaker":false,"datetime":"12:22:02","time":1629548522243,"clsName":"class=\"text_red_1\""},{"price":"0.05544000","amount":"0.09800000","isBuyerMaker":false,"datetime":"12:22:02","time":1629548522243,"clsName":"class=\"text_red_1\""},{"price":"0.05544000","amount":"0.36100000","isBuyerMaker":false,"datetime":"12:22:02","time":1629548522243,"clsName":"class=\"text_red_1\""},{"price":"0.05543000","amount":"4.40200000","isBuyerMaker":false,"datetime":"12:22:01","time":1629548521203,"clsName":"class=\"text_red_1\""},{"price":"0.05541000","amount":"0.10800000","isBuyerMaker":false,"datetime":"12:22:01","time":1629548521018,"clsName":"class=\"text_red_1\""},{"price":"0.05539000","amount":"1.24300000","isBuyerMaker":true,"datetime":"12:21:43","time":1629548503829,"clsName":"class=\"text_green_1\""},{"price":"0.05540000","amount":"0.18200000","isBuyerMaker":false,"datetime":"12:21:43","time":1629548503801,"clsName":"class=\"text_red_1\""},{"price":"0.05540000","amount":"0.38700000","isBuyerMaker":false,"datetime":"12:21:43","time":1629548503801,"clsName":"class=\"text_red_1\""}]