[{"price":"0.00371500","amount":"0.03000000","isBuyerMaker":false,"datetime":"12:24:13","time":1629548653448,"clsName":"class=\"text_red_1\""},{"price":"0.00371500","amount":"0.04000000","isBuyerMaker":false,"datetime":"12:24:04","time":1629548644650,"clsName":"class=\"text_red_1\""},{"price":"0.00371500","amount":"0.05000000","isBuyerMaker":false,"datetime":"12:23:58","time":1629548638424,"clsName":"class=\"text_red_1\""},{"price":"0.00371500","amount":"0.10000000","isBuyerMaker":false,"datetime":"12:23:57","time":1629548637885,"clsName":"class=\"text_red_1\""},{"price":"0.00371400","amount":"0.29000000","isBuyerMaker":true,"datetime":"12:23:53","time":1629548633384,"clsName":"class=\"text_green_1\""},{"price":"0.00371600","amount":"0.04000000","isBuyerMaker":false,"datetime":"12:23:52","time":1629548632774,"clsName":"class=\"text_red_1\""},{"price":"0.00371600","amount":"0.04000000","isBuyerMaker":false,"datetime":"12:23:52","time":1629548632659,"clsName":"class=\"text_red_1\""},{"price":"0.00371400","amount":"1.56000000","isBuyerMaker":true,"datetime":"12:23:51","time":1629548631764,"clsName":"class=\"text_green_1\""},{"price":"0.00371500","amount":"10.00000000","isBuyerMaker":false,"datetime":"12:23:45","time":1629548625894,"clsName":"class=\"text_red_1\""},{"price":"0.00371500","amount":"0.04000000","isBuyerMaker":false,"datetime":"12:23:43","time":1629548623881,"clsName":"class=\"text_red_1\""},{"price":"0.00371500","amount":"0.03000000","isBuyerMaker":false,"datetime":"12:23:42","time":1629548622899,"clsName":"class=\"text_red_1\""},{"price":"0.00371400","amount":"0.12000000","isBuyerMaker":false,"datetime":"12:23:40","time":1629548620297,"clsName":"class=\"text_red_1\""},{"price":"0.00371600","amount":"3.00000000","isBuyerMaker":false,"datetime":"12:23:30","time":1629548610591,"clsName":"class=\"text_red_1\""},{"price":"0.00371500","amount":"13.00000000","isBuyerMaker":true,"datetime":"12:23:30","time":1629548610556,"clsName":"class=\"text_green_1\""},{"price":"0.00371500","amount":"1.22000000","isBuyerMaker":true,"datetime":"12:23:30","time":1629548610556,"clsName":"class=\"text_green_1\""},{"price":"0.00371500","amount":"7.87000000","isBuyerMaker":true,"datetime":"12:23:30","time":1629548610556,"clsName":"class=\"text_green_1\""},{"price":"0.00371500","amount":"0.75000000","isBuyerMaker":true,"datetime":"12:23:12","time":1629548592237,"clsName":"class=\"text_green_1\""},{"price":"0.00371600","amount":"0.08000000","isBuyerMaker":true,"datetime":"12:23:12","time":1629548592237,"clsName":"class=\"text_green_1\""},{"price":"0.00371700","amount":"0.69000000","isBuyerMaker":false,"datetime":"12:23:11","time":1629548591612,"clsName":"class=\"text_red_1\""},{"price":"0.00371700","amount":"0.39000000","isBuyerMaker":false,"datetime":"12:23:09","time":1629548589732,"clsName":"class=\"text_red_1\""}]