[{"price":"180.81000000","amount":"0.52679000","isBuyerMaker":false,"datetime":"12:24:17","time":1629548657738,"clsName":"class=\"text_red_1\""},{"price":"180.81000000","amount":"0.12414000","isBuyerMaker":false,"datetime":"12:24:17","time":1629548657738,"clsName":"class=\"text_red_1\""},{"price":"180.81000000","amount":"0.40411000","isBuyerMaker":false,"datetime":"12:24:17","time":1629548657738,"clsName":"class=\"text_red_1\""},{"price":"180.81000000","amount":"0.70433000","isBuyerMaker":false,"datetime":"12:24:17","time":1629548657738,"clsName":"class=\"text_red_1\""},{"price":"180.80000000","amount":"0.24063000","isBuyerMaker":false,"datetime":"12:24:17","time":1629548657738,"clsName":"class=\"text_red_1\""},{"price":"180.81000000","amount":"0.07669000","isBuyerMaker":false,"datetime":"12:24:14","time":1629548654641,"clsName":"class=\"text_red_1\""},{"price":"180.81000000","amount":"1.14009000","isBuyerMaker":false,"datetime":"12:24:14","time":1629548654179,"clsName":"class=\"text_red_1\""},{"price":"180.81000000","amount":"1.00000000","isBuyerMaker":false,"datetime":"12:24:14","time":1629548654144,"clsName":"class=\"text_red_1\""},{"price":"180.81000000","amount":"2.31800000","isBuyerMaker":false,"datetime":"12:24:13","time":1629548653942,"clsName":"class=\"text_red_1\""},{"price":"180.80000000","amount":"0.20000000","isBuyerMaker":true,"datetime":"12:24:13","time":1629548653859,"clsName":"class=\"text_green_1\""},{"price":"180.82000000","amount":"0.76752000","isBuyerMaker":false,"datetime":"12:24:12","time":1629548652942,"clsName":"class=\"text_red_1\""},{"price":"180.82000000","amount":"0.41476000","isBuyerMaker":false,"datetime":"12:24:10","time":1629548650990,"clsName":"class=\"text_red_1\""},{"price":"180.83000000","amount":"0.16590000","isBuyerMaker":false,"datetime":"12:24:10","time":1629548650143,"clsName":"class=\"text_red_1\""},{"price":"180.85000000","amount":"0.07980000","isBuyerMaker":true,"datetime":"12:24:06","time":1629548646401,"clsName":"class=\"text_green_1\""},{"price":"180.85000000","amount":"0.19405000","isBuyerMaker":true,"datetime":"12:24:06","time":1629548646234,"clsName":"class=\"text_green_1\""},{"price":"180.86000000","amount":"0.87631000","isBuyerMaker":true,"datetime":"12:24:03","time":1629548643492,"clsName":"class=\"text_green_1\""},{"price":"180.87000000","amount":"0.24063000","isBuyerMaker":true,"datetime":"12:24:03","time":1629548643492,"clsName":"class=\"text_green_1\""},{"price":"180.89000000","amount":"0.97411000","isBuyerMaker":false,"datetime":"12:24:03","time":1629548643063,"clsName":"class=\"text_red_1\""},{"price":"180.88000000","amount":"1.40000000","isBuyerMaker":false,"datetime":"12:24:03","time":1629548643063,"clsName":"class=\"text_red_1\""},{"price":"180.87000000","amount":"2.00000000","isBuyerMaker":true,"datetime":"12:23:59","time":1629548639791,"clsName":"class=\"text_green_1\""}]