[{"price":"0.00038061","amount":"99.00000000","isBuyerMaker":true,"datetime":"12:24:17","time":1629548657610,"clsName":"class=\"text_green_1\""},{"price":"0.00038070","amount":"805.00000000","isBuyerMaker":true,"datetime":"12:23:59","time":1629548639124,"clsName":"class=\"text_green_1\""},{"price":"0.00038086","amount":"40.00000000","isBuyerMaker":false,"datetime":"12:23:55","time":1629548635553,"clsName":"class=\"text_red_1\""},{"price":"0.00038086","amount":"698.00000000","isBuyerMaker":false,"datetime":"12:23:55","time":1629548635553,"clsName":"class=\"text_red_1\""},{"price":"0.00038071","amount":"805.00000000","isBuyerMaker":true,"datetime":"12:23:49","time":1629548629592,"clsName":"class=\"text_green_1\""},{"price":"0.00038073","amount":"2586.00000000","isBuyerMaker":true,"datetime":"12:23:49","time":1629548629579,"clsName":"class=\"text_green_1\""},{"price":"0.00038073","amount":"5941.00000000","isBuyerMaker":true,"datetime":"12:23:49","time":1629548629573,"clsName":"class=\"text_green_1\""},{"price":"0.00038066","amount":"624.00000000","isBuyerMaker":true,"datetime":"12:23:43","time":1629548623181,"clsName":"class=\"text_green_1\""},{"price":"0.00038068","amount":"624.00000000","isBuyerMaker":true,"datetime":"12:23:42","time":1629548622182,"clsName":"class=\"text_green_1\""},{"price":"0.00038066","amount":"625.00000000","isBuyerMaker":true,"datetime":"12:23:40","time":1629548620178,"clsName":"class=\"text_green_1\""},{"price":"0.00038085","amount":"18.00000000","isBuyerMaker":false,"datetime":"12:23:21","time":1629548601181,"clsName":"class=\"text_red_1\""},{"price":"0.00038086","amount":"40.00000000","isBuyerMaker":false,"datetime":"12:23:09","time":1629548589450,"clsName":"class=\"text_red_1\""},{"price":"0.00038083","amount":"27.00000000","isBuyerMaker":false,"datetime":"12:23:09","time":1629548589450,"clsName":"class=\"text_red_1\""},{"price":"0.00038083","amount":"30.00000000","isBuyerMaker":false,"datetime":"12:23:09","time":1629548589450,"clsName":"class=\"text_red_1\""},{"price":"0.00038080","amount":"424.00000000","isBuyerMaker":false,"datetime":"12:22:20","time":1629548540236,"clsName":"class=\"text_red_1\""},{"price":"0.00038083","amount":"60.00000000","isBuyerMaker":false,"datetime":"12:22:04","time":1629548524346,"clsName":"class=\"text_red_1\""},{"price":"0.00038081","amount":"26.00000000","isBuyerMaker":false,"datetime":"12:22:01","time":1629548521301,"clsName":"class=\"text_red_1\""},{"price":"0.00038059","amount":"33.00000000","isBuyerMaker":true,"datetime":"12:21:17","time":1629548477353,"clsName":"class=\"text_green_1\""},{"price":"0.00038062","amount":"475.00000000","isBuyerMaker":false,"datetime":"12:20:52","time":1629548452060,"clsName":"class=\"text_red_1\""},{"price":"0.00038044","amount":"109.00000000","isBuyerMaker":true,"datetime":"12:20:51","time":1629548451236,"clsName":"class=\"text_green_1\""}]