[{"price":"1.24200000","amount":"13.13000000","isBuyerMaker":true,"datetime":"12:24:18","time":1629548658190,"clsName":"class=\"text_green_1\""},{"price":"1.24220000","amount":"72.07000000","isBuyerMaker":true,"datetime":"12:24:18","time":1629548658190,"clsName":"class=\"text_green_1\""},{"price":"1.24220000","amount":"85.50000000","isBuyerMaker":true,"datetime":"12:24:17","time":1629548657653,"clsName":"class=\"text_green_1\""},{"price":"1.24220000","amount":"440.00000000","isBuyerMaker":true,"datetime":"12:24:17","time":1629548657653,"clsName":"class=\"text_green_1\""},{"price":"1.24230000","amount":"2156.28000000","isBuyerMaker":true,"datetime":"12:24:17","time":1629548657601,"clsName":"class=\"text_green_1\""},{"price":"1.24240000","amount":"1.26000000","isBuyerMaker":false,"datetime":"12:24:17","time":1629548657560,"clsName":"class=\"text_red_1\""},{"price":"1.24240000","amount":"8.27000000","isBuyerMaker":false,"datetime":"12:24:17","time":1629548657560,"clsName":"class=\"text_red_1\""},{"price":"1.24230000","amount":"528.98000000","isBuyerMaker":false,"datetime":"12:24:17","time":1629548657560,"clsName":"class=\"text_red_1\""},{"price":"1.24220000","amount":"60.00000000","isBuyerMaker":false,"datetime":"12:24:17","time":1629548657544,"clsName":"class=\"text_red_1\""},{"price":"1.24210000","amount":"900.00000000","isBuyerMaker":false,"datetime":"12:24:17","time":1629548657544,"clsName":"class=\"text_red_1\""},{"price":"1.24210000","amount":"200.00000000","isBuyerMaker":false,"datetime":"12:24:17","time":1629548657544,"clsName":"class=\"text_red_1\""},{"price":"1.24210000","amount":"400.00000000","isBuyerMaker":false,"datetime":"12:24:17","time":1629548657544,"clsName":"class=\"text_red_1\""},{"price":"1.24200000","amount":"109.00000000","isBuyerMaker":true,"datetime":"12:24:16","time":1629548656386,"clsName":"class=\"text_green_1\""},{"price":"1.24210000","amount":"60.00000000","isBuyerMaker":true,"datetime":"12:24:14","time":1629548654251,"clsName":"class=\"text_green_1\""},{"price":"1.24210000","amount":"294.11000000","isBuyerMaker":true,"datetime":"12:24:14","time":1629548654251,"clsName":"class=\"text_green_1\""},{"price":"1.24220000","amount":"60.00000000","isBuyerMaker":true,"datetime":"12:24:14","time":1629548654162,"clsName":"class=\"text_green_1\""},{"price":"1.24220000","amount":"258.54000000","isBuyerMaker":true,"datetime":"12:24:12","time":1629548652042,"clsName":"class=\"text_green_1\""},{"price":"1.24220000","amount":"100.00000000","isBuyerMaker":true,"datetime":"12:24:12","time":1629548652042,"clsName":"class=\"text_green_1\""},{"price":"1.24230000","amount":"12.07000000","isBuyerMaker":false,"datetime":"12:24:11","time":1629548651416,"clsName":"class=\"text_red_1\""},{"price":"1.24230000","amount":"60.00000000","isBuyerMaker":true,"datetime":"12:24:09","time":1629548649892,"clsName":"class=\"text_green_1\""}]