[{"price":"0.00002550","amount":"6.00000000","isBuyerMaker":true,"datetime":"12:24:17","time":1629548657194,"clsName":"class=\"text_green_1\""},{"price":"0.00002550","amount":"8.00000000","isBuyerMaker":true,"datetime":"12:24:16","time":1629548656416,"clsName":"class=\"text_green_1\""},{"price":"0.00002551","amount":"132.00000000","isBuyerMaker":true,"datetime":"12:24:15","time":1629548655701,"clsName":"class=\"text_green_1\""},{"price":"0.00002551","amount":"8.00000000","isBuyerMaker":true,"datetime":"12:24:15","time":1629548655541,"clsName":"class=\"text_green_1\""},{"price":"0.00002551","amount":"8.00000000","isBuyerMaker":true,"datetime":"12:24:13","time":1629548653603,"clsName":"class=\"text_green_1\""},{"price":"0.00002551","amount":"48.00000000","isBuyerMaker":false,"datetime":"12:24:08","time":1629548648348,"clsName":"class=\"text_red_1\""},{"price":"0.00002551","amount":"100.00000000","isBuyerMaker":false,"datetime":"12:24:05","time":1629548645445,"clsName":"class=\"text_red_1\""},{"price":"0.00002551","amount":"148.00000000","isBuyerMaker":false,"datetime":"12:24:00","time":1629548640949,"clsName":"class=\"text_red_1\""},{"price":"0.00002551","amount":"361.00000000","isBuyerMaker":false,"datetime":"12:23:59","time":1629548639230,"clsName":"class=\"text_red_1\""},{"price":"0.00002551","amount":"1175.00000000","isBuyerMaker":true,"datetime":"12:23:59","time":1629548639078,"clsName":"class=\"text_green_1\""},{"price":"0.00002551","amount":"20.00000000","isBuyerMaker":true,"datetime":"12:23:59","time":1629548639078,"clsName":"class=\"text_green_1\""},{"price":"0.00002551","amount":"361.00000000","isBuyerMaker":true,"datetime":"12:23:59","time":1629548639078,"clsName":"class=\"text_green_1\""},{"price":"0.00002551","amount":"148.00000000","isBuyerMaker":true,"datetime":"12:23:59","time":1629548639078,"clsName":"class=\"text_green_1\""},{"price":"0.00002551","amount":"3067.00000000","isBuyerMaker":true,"datetime":"12:23:59","time":1629548639078,"clsName":"class=\"text_green_1\""},{"price":"0.00002551","amount":"60.00000000","isBuyerMaker":true,"datetime":"12:23:59","time":1629548639077,"clsName":"class=\"text_green_1\""},{"price":"0.00002552","amount":"360.00000000","isBuyerMaker":false,"datetime":"12:23:57","time":1629548637229,"clsName":"class=\"text_red_1\""},{"price":"0.00002552","amount":"133.00000000","isBuyerMaker":false,"datetime":"12:23:56","time":1629548636892,"clsName":"class=\"text_red_1\""},{"price":"0.00002551","amount":"66.00000000","isBuyerMaker":true,"datetime":"12:23:55","time":1629548635933,"clsName":"class=\"text_green_1\""},{"price":"0.00002552","amount":"140.00000000","isBuyerMaker":false,"datetime":"12:23:55","time":1629548635398,"clsName":"class=\"text_red_1\""},{"price":"0.00002551","amount":"829.00000000","isBuyerMaker":true,"datetime":"12:23:55","time":1629548635149,"clsName":"class=\"text_green_1\""}]